1805.01428222656,1205.28198242188,388.108215332031
6614.78662109375,3376.01245117188,808.156005859375
6697.03125,5862.86181640625,778.058715820312
5133.59619140625,4615.3974609375,870.9580078125
2463.52587890625,3385.85498046875,881.524169921875
3693.69287109375,4639.0654296875,852.067138671875
1237.2998046875,1591.78112792969,453.834716796875
5806.23583984375,3414.044921875,845.324890136719
6137.2900390625,3101.8662109375,831.012390136719
3975.5205078125,3183.65747070312,795.810913085938
4566.90234375,812.240539550781,212.131591796875
6633.1611328125,6184.505859375,735.166381835938
3988.74926757812,4659.4765625,885.675964355469
292.806671142578,5179.505859375,887.025695800781
1700.62841796875,7268.421875,883.870300292969
363.073059082031,5263.3876953125,897.590576171875
4209.580078125,3947.4931640625,812.364807128906
4196.6455078125,3395.96069335938,838.659118652344
3486.36669921875,7810.51123046875,829.4716796875
3120.7568359375,3799.2822265625,883.548095703125
5257.400390625,6200.9296875,807.746459960938
1241.09033203125,6327.4423828125,885.119140625
5702.056640625,1019.02856445312,366.474212646484
5031.7705078125,4679.05029296875,877.398803710938
284.139099121094,6306.974609375,898.459838867188
4050.55126953125,4905.01904296875,884.73291015625
4779.44287109375,3907.947265625,848.452880859375
4756.92138671875,6414.67822265625,851.592895507812
1323.93078613281,3345.8056640625,890.620422363281
506.506744384766,4399.591796875,668.804931640625
4592.42138671875,5785.25244140625,816.643371582031
341.522766113281,4346.23828125,613.200744628906
7286.2685546875,3096.08154296875,516.307189941406
1567.07922363281,3144.146484375,869.025817871094
6168.05859375,7820.42529296875,831.560302734375
3825.92724609375,4475.9228515625,846.361999511719
5672.41650390625,1101.74243164062,401.367309570312
6091.42822265625,4747.24072265625,818.360534667969
4023.20483398438,1817.53442382812,418.496765136719
4455.013671875,788.616638183594,193.948822021484
6257.9248046875,7914.27197265625,811.809936523438
296.356567382812,554.746215820312,659.615478515625
4601.212890625,5577.14697265625,840.031433105469
1170.94921875,6459.21484375,905.659729003906
6102.96044921875,3123.0849609375,832.8701171875
304.236145019531,2204.658203125,823.084106445312
2325.68408203125,5682.6953125,881.77001953125
1.57057905197144,3153.09716796875,560.099548339844
7587.916015625,6028.9501953125,806.048156738281
7295.9169921875,5000.0234375,804.58154296875
4248.0498046875,3311.6728515625,841.843444824219
5293.5009765625,4543.751953125,865.46533203125
3405.63037109375,7769.86181640625,853.509399414062
2465.21533203125,3229.931640625,861.351867675781
2366.94848632812,3405.09326171875,881.4326171875
3208.5,2339.97802734375,870.727355957031
5084.7646484375,1851.33227539062,488.111358642578
496.055908203125,6318.73779296875,880.397705078125
6488.8974609375,6130.9453125,752.989013671875
6099.47119140625,1521.80419921875,368.483154296875
6173.2568359375,3140.6875,822.088806152344
7126.5390625,1754.06030273438,350.379028320312
4307.123046875,6472.544921875,837.833740234375
3247.01953125,2344.10498046875,857.4736328125
3007.0234375,4710.8828125,922.282287597656
3733.04125976562,4995.34765625,866.190551757812
323.668243408203,4396.69482421875,625.5625
3154.26806640625,3693.77978515625,881.5810546875
1260.17553710938,1636.81494140625,464.116088867188
28.4283294677734,3203.552734375,567.507080078125
566.929382324219,4244.611328125,607.517456054688
3171.99072265625,3549.47045898438,886.746459960938
6004.685546875,528.822814941406,214.1650390625
3962.84716796875,4615.97998046875,871.710754394531
328.919128417969,4397.06787109375,627.186950683594
4464.65087890625,5722.89697265625,840.263061523438
6263.1416015625,7928.236328125,808.989929199219
446.170654296875,4628.0625,903.414489746094
6873.89111328125,5066.68896484375,834.296142578125
389.655883789062,4644.62841796875,861.429748535156
4161.7607421875,3030.18994140625,611.729858398438
5164.15478515625,7351.44189453125,792.258544921875
4635.73486328125,1972.20874023438,316.94384765625
3177.3388671875,6171.302734375,897.280151367188
5002.462890625,5991.767578125,803.685913085938
1067.84130859375,162.625259399414,533.963806152344
311.294219970703,5099.67724609375,855.00244140625
4615.9931640625,2078.47827148438,325.005798339844
5227.61962890625,6304.68359375,828.670471191406
7143.634765625,6727.388671875,761.593994140625
2908.71264648438,993.811645507812,385.414764404297
4656.38671875,5565.6748046875,847.444458007812
3435.95190429688,6592.4619140625,865.346801757812
7401.59375,5104.2822265625,795.770751953125
817.272644042969,7637.90380859375,917.935424804688
2902.79248046875,6345.810546875,863.850830078125
4043.29638671875,865.741088867188,319.147399902344
6624.99365234375,3291.0146484375,788.237915039062
101.422912597656,3172.5693359375,582.271301269531
6519.00439453125,3359.828125,800.267944335938
6211.12451171875,3676.11669921875,807.348571777344
4662.5224609375,5474.93798828125,856.3984375
5741.91748046875,2101.31567382812,541.412414550781
5206.9296875,4624.71044921875,869.14111328125
4103.123046875,777.893798828125,303.784149169922
554.609008789062,3401.89184570312,908.766906738281
5072.8505859375,804.928039550781,326.906829833984
6299.458984375,3139.8037109375,765.387939453125
2256.91088867188,6248.486328125,912.958923339844
4125.79638671875,3494.5693359375,820.992492675781
3935.03100585938,6283.0458984375,858.115600585938
7425.8818359375,4394.7119140625,769.152770996094
531.674621582031,3430.66430664062,909.872192382812
707.834716796875,4309.73583984375,648.845581054688
6668.2001953125,5925.53955078125,774.863525390625
5551.94189453125,3118.845703125,849.604858398438
3991.85302734375,5556.45263671875,874.886108398438
3969.21826171875,7966.302734375,836.93994140625
4037.36181640625,923.80517578125,330.761108398438
3232.4453125,850.030883789062,375.639709472656
5246.2275390625,5054.498046875,858.601318359375
3479.47705078125,1319.58520507812,480.345581054688
2232.03295898438,6161.48193359375,914.201171875
6414.35498046875,4709.52197265625,796.539367675781
2267.21630859375,6347.39599609375,909.506103515625
6428.806640625,3746.3134765625,805.644653320312
396.3876953125,6240.99560546875,903.081787109375
6778.02783203125,84.0238876342773,108.765724182129
7247.4599609375,2099.884765625,417.973724365234
5108.0302734375,1705.01318359375,463.764221191406
6494.11572265625,7936.6376953125,818.304992675781
4138.39013671875,4037.25927734375,829.031982421875
3071.6162109375,526.60498046875,350.912322998047
14.8001041412354,1707.56469726562,865.960144042969
4988.451171875,6218.298828125,809.670532226562
1309.6142578125,6352.6689453125,884.043090820312
2199.42919921875,6122.15625,915.450927734375
2552.5185546875,6372.90869140625,888.033447265625
820.781555175781,7589.02099609375,915.157104492188
5522.30615234375,3431.90014648438,840.135009765625
6203.16015625,4789.185546875,814.610961914062
172.40478515625,3164.33837890625,608.30810546875
1649.36950683594,330.546234130859,351.615600585938
7786.8798828125,5888.31982421875,811.302368164062
3227.78564453125,5943.65966796875,893.694519042969
6702.0869140625,6136.427734375,746.613525390625
4948.66455078125,6493.2568359375,818.54052734375
3962.95166015625,4673.33740234375,884.87255859375
3147.4638671875,6269.5283203125,895.274475097656
3141.23657226562,3727.7021484375,881.585144042969
5184.103515625,1048.88330078125,422.341979980469
3783.53051757812,4908.91650390625,864.976684570312
4163.6279296875,3375.32421875,833.138427734375
6107.30859375,1548.49267578125,370.775482177734
3597.69458007812,7702.7529296875,839.40185546875
4974.4912109375,6211.70703125,812.069213867188
6128.087890625,7931.09228515625,822.693359375
3114.50048828125,3924.08813476562,886.866455078125
1575.40002441406,7191.072265625,888.903686523438
6002.97705078125,4635.5888671875,825.030944824219
6668.56103515625,1430.7578125,246.053192138672
3758.353515625,7847.85546875,838.197204589844
3081.77783203125,6374.67578125,890.343627929688
6597.89013671875,3382.17138671875,808.885986328125
4701.3544921875,5628.45556640625,840.456970214844
6436.7841796875,3440.78833007812,809.230285644531
4054.4169921875,5626.02734375,858.603332519531
1150.91076660156,1383.09533691406,432.290222167969
6440.4794921875,4462.1357421875,788.55224609375
3983.10717773438,6334.5634765625,844.250915527344
4323.623046875,5838.7763671875,888.648681640625
1504.46411132812,5098.02978515625,942.57763671875
241.936370849609,2091.17919921875,846.655639648438
7863.2275390625,717.568481445312,382.528564453125
7402.53759765625,7146.77294921875,758.174987792969
6537.5458984375,7954.81494140625,827.509216308594
1384.88171386719,6344.25732421875,888.194396972656
6616.1103515625,1616.42626953125,288.654907226562
4492.00830078125,1395.77722167969,306.07275390625
3955.71166992188,3451.6337890625,800.295288085938
4062.17309570312,3714.11352539062,807.831298828125
2830.91357421875,3863.68774414062,902.437438964844
3826.68432617188,4876.5107421875,870.834594726562
6305.36279296875,4603.14990234375,811.21533203125
1605.82287597656,7668.8369140625,909.987060546875
4119.0244140625,4123.37451171875,847.584716796875
2485.89965820312,3474.40795898438,884.884643554688
3732.66162109375,4686.68115234375,856.129150390625
7696.78759765625,6884.32763671875,804.404724121094
4907.1015625,1904.64147949219,418.550689697266
515.714782714844,4593.4560546875,868.572937011719
3313.15014648438,7781.234375,865.507690429688
4431.4814453125,807.608093261719,204.732833862305
5118.8232421875,7355.7236328125,801.390747070312
4090.56982421875,3735.68872070312,810.772094726562
6596.03955078125,7892.380859375,827.36572265625
4036.87744140625,4622.07275390625,878.65625
4136.4189453125,3735.908203125,813.522888183594
4592.99072265625,1565.81127929688,286.189880371094
3766.81494140625,4899.05615234375,863.273315429688
4173.48779296875,31.1171207427979,271.649963378906
7994.1181640625,897.408081054688,427.142517089844
1655.24951171875,5289.3291015625,934.138671875
4726.37109375,3949.82861328125,850.640502929688
7990.2158203125,4191.35693359375,799.79443359375
3659.74267578125,1593.33642578125,470.513488769531
1644.97509765625,1765.18896484375,581.298461914062
7303.0869140625,1751.08813476562,307.077545166016
725.208129882812,7789.177734375,922.311157226562
6380.0703125,7864.09326171875,801.434753417969
1381.99487304688,6325.703125,889.820373535156
6522.17822265625,6098.81298828125,726.66748046875
7003.9462890625,6710.93994140625,713.843017578125
741.927612304688,7565.6455078125,928.573425292969
4203.6884765625,3219.55224609375,789.699340820312
2570.88647460938,6446.29150390625,886.364807128906
60.8618240356445,1647.50598144531,889.921142578125
6452.30859375,3286.50537109375,781.545776367188
2902.4931640625,6303.189453125,862.484069824219
2502.9853515625,2322.482421875,566.021789550781
7312.029296875,1854.12524414062,336.721069335938
130.183944702148,6227.53173828125,908.731384277344
2661.63818359375,3807.6533203125,889.566772460938
3366.99194335938,7722.80859375,855.837036132812
1418.20434570312,5173.0478515625,926.167602539062
2480.4033203125,6345.2138671875,896.34912109375
7032.06494140625,6710.68505859375,721.456787109375
4131.7294921875,3443.58666992188,828.29052734375
4141.68408203125,3419.72314453125,830.788635253906
1347.6845703125,6262.38916015625,898.265075683594
1512.81872558594,7137.845703125,891.673217773438
3591.6064453125,7698.92822265625,839.44140625
2446.35717773438,1717.939453125,417.831237792969
3431.79028320312,6602.51611328125,865.161743164062
7182.541015625,6136.4501953125,814.311767578125
430.614685058594,4747.6328125,895.372924804688
6954.21435546875,5788.6025390625,812.532531738281
1623.95886230469,214.798461914062,378.625885009766
6842.83154296875,5026.90087890625,831.410522460938
6044.3818359375,4589.9638671875,826.268188476562
7418.33251953125,7145.3984375,757.719482421875
3936.92822265625,7579.3740234375,855.536376953125
1268.53198242188,4132.625,909.075744628906
387.899719238281,2228.4482421875,835.343322753906
706.732421875,3406.9794921875,898.949584960938
3618.52685546875,4938.7978515625,882.817810058594
2186.33471679688,6225.98876953125,915.675048828125
4017.98754882812,2262.7490234375,458.327270507812
4676.1103515625,5664.921875,832.222045898438
2304.69189453125,6237.2314453125,908.998901367188
7320.158203125,6077.90771484375,817.438293457031
6642.228515625,6160.8466796875,741.276123046875
982.876281738281,1851.32885742188,463.251678466797
5955.77587890625,4721.833984375,824.498046875
3204.96508789062,7768.4658203125,875.16650390625
3874.0927734375,7753.91015625,856.552124023438
4361.33740234375,3266.52221679688,857.317443847656
4739.4833984375,5666.27685546875,840.2626953125
2891.62939453125,4595.92578125,915.458923339844
1313.05261230469,1681.07556152344,489.147064208984
6149.25537109375,676.348815917969,254.533355712891
765.872985839844,7568.7353515625,924.869750976562
51.8264274597168,1632.64819335938,886.060729980469
7069.06298828125,1772.44775390625,365.398498535156
4075.18872070312,5544.4287109375,863.225341796875
6732.00830078125,6056.939453125,772.729858398438
569.589416503906,4254.646484375,606.395446777344
5288.5859375,4481.0087890625,867.134399414062
2716.39599609375,2322.21411132812,628.100708007812
4480.412109375,5474.9990234375,831.294616699219
7339.759765625,4389.65234375,757.449584960938
678.54736328125,4366.455078125,638.482299804688
6605.0791015625,3333.4326171875,803.392944335938
2981.62939453125,778.239501953125,342.484924316406
2567.60229492188,3406.2421875,868.910827636719
6516.72412109375,3404.25341796875,804.868469238281
6392.45458984375,3790.04052734375,797.674499511719
3785.4189453125,4648.54638671875,853.736145019531
7886.2998046875,6089.5810546875,804.685791015625
5751.44482421875,3317.98681640625,845.358032226562
355.046264648438,638.778625488281,626.863037109375
3717.19677734375,4438.6552734375,851.994506835938
3047.41430664062,786.363647460938,339.020416259766
6996.98779296875,6776.912109375,721.009155273438
7177.93310546875,6115.2578125,812.351989746094
6725.9443359375,6055.12841796875,773.8330078125
743.007934570312,4169.2685546875,722.166931152344
950.788269042969,7726.37109375,901.869384765625
6414.7783203125,4436.1103515625,786.126586914062
6536.41796875,7964.42578125,827.33544921875
4225.4423828125,3321.76806640625,839.9365234375
2317.69091796875,6387.189453125,907.065551757812
7499.474609375,7188.2666015625,779.759582519531
165.884674072266,2106.23120117188,839.544799804688
6906.54248046875,6089.2568359375,782.91650390625
7204.06982421875,1070.28344726562,148.503433227539
2812.52221679688,6817.169921875,854.660522460938
4993.349609375,6480.27734375,806.06396484375
172.347137451172,6222.15234375,908.035034179688
3994.40185546875,4453.29296875,843.079833984375
5789.20263671875,3322.16650390625,847.257568359375
3891.9423828125,4700.81787109375,873.384094238281
6856.5849609375,5511.20263671875,820.54833984375
4015.2685546875,4863.84130859375,893.986022949219
4028.88525390625,5474.1513671875,869.721374511719
5004.50390625,6221.689453125,808.245666503906
2140.6416015625,6242.6962890625,915.31884765625
328.020751953125,4829.1982421875,873.1005859375
4233.13525390625,32.7242279052734,253.127243041992
3658.880859375,5004.8251953125,875.257629394531
4075.94165039062,3260.74536132812,815.083740234375
1626.20739746094,1791.83374023438,598.931823730469
2504.82495117188,3909.73999023438,871.85595703125
42.7576103210449,2034.08166503906,704.200134277344
2238.13232421875,6250.548828125,913.60009765625
837.941589355469,7626.8466796875,914.047729492188
3562.29931640625,7819.529296875,824.509033203125
1565.86193847656,297.283447265625,396.576782226562
5312.0693359375,6516.4208984375,825.860412597656
4261.25048828125,6234.55322265625,859.694396972656
3721.10864257812,1619.05578613281,449.298675537109
7077.896484375,6157.96728515625,795.539672851562
4666.724609375,5933.583984375,837.768676757812
1138.14489746094,6362.30419921875,890.738037109375
3479.34814453125,1373.43151855469,490.573303222656
1274.24145507812,1730.31909179688,493.899169921875
1421.38354492188,4124.2763671875,932.943481445312
5601.99267578125,6112.04248046875,862.561279296875
5937.9140625,6539.71533203125,848.545715332031
4729.03173828125,2600.9287109375,468.923736572266
1181.400390625,1584.62182617188,424.896423339844
4669.07666015625,2573.43115234375,485.095916748047
7991.73388671875,894.937683105469,427.216491699219
7223.36328125,1855.337890625,359.212341308594
3142.64208984375,3715.126953125,881.511169433594
3942.88134765625,6864.86328125,851.074951171875
3132.5048828125,4617.9638671875,918.861328125
152.075302124023,6313.244140625,885.815185546875
7405.5595703125,5033.970703125,798.693664550781
1403.34790039062,5199.8447265625,915.123046875
3942.22265625,7594.724609375,854.847534179688
6836.865234375,4972.00927734375,831.662719726562
1590.86657714844,1864.77563476562,620.455139160156
3918.080078125,4700.6220703125,879.396484375
7335.78076171875,3099.3486328125,492.2236328125
4124.1298828125,3239.78515625,777.3115234375
1181.35766601562,4062.18676757812,902.044311523438
3158.96801757812,6206.0810546875,896.983276367188
3719.65234375,4653.53125,853.47314453125
7933.44482421875,3661.81811523438,801.742431640625
4019.71508789062,2137.52978515625,444.532409667969
4219.525390625,5505.3583984375,867.352600097656
6979.7294921875,5042.52099609375,825.457275390625
4043.50927734375,7806.126953125,832.3837890625
6265.88525390625,3188.20263671875,799.290832519531
5673.85009765625,3430.71044921875,846.55810546875
1670.07397460938,5223.158203125,939.019592285156
4678.4501953125,5444.83544921875,861.186096191406
3066.34204101562,3684.20703125,886.955444335938
4193.88525390625,4951.91650390625,876.788757324219
2582.71337890625,3987.24462890625,891.938232421875
3136.79736328125,6096.0361328125,890.497619628906
5912.2333984375,4509.37353515625,834.159912109375
3896.13745117188,7598.6142578125,863.237365722656
602.22314453125,3439.3427734375,904.549743652344
4036.59619140625,4599.255859375,873.431396484375
1728.29248046875,954.749389648438,349.747650146484
5784.7685546875,6232.26806640625,840.22021484375
5111.96875,7583.6669921875,817.41015625
2271.16845703125,6326.505859375,910.411499023438
3765.85766601562,7854.4638671875,838.709899902344
341.887908935547,4727.560546875,855.892944335938
5595.33203125,1314.9931640625,497.371215820312
7400.7314453125,1664.07690429688,254.300170898438
5653.55126953125,6107.68115234375,861.55859375
6463.08447265625,4763.2705078125,808.724060058594
4041.826171875,5581.2158203125,862.149169921875
1715.29809570312,5222.65673828125,940.560668945312
6020.25537109375,74.6223754882812,136.407745361328
7446.69287109375,1564.00622558594,203.334167480469
4130.18359375,3819.90698242188,802.657836914062
3492.64599609375,1212.98071289062,449.046142578125
1698.49963378906,1116.20861816406,408.808929443359
3198.4521484375,6289.20947265625,895.272399902344
4497.9453125,1480.15307617188,304.006561279297
1814.48413085938,928.415771484375,399.423034667969
1517.64331054688,7134.400390625,892.084899902344
4022.04833984375,3436.61499023438,809.200012207031
4496.7890625,1477.68725585938,303.794982910156
3999.4931640625,7607.95458984375,837.253845214844
4677.1455078125,5806.96630859375,812.6201171875
6981.724609375,5059.29052734375,825.9462890625
4957.76806640625,6503.89453125,815.108154296875
5106.0869140625,780.483276367188,318.912353515625
4878.29931640625,6373.74951171875,839.687316894531
4181.65625,3544.9521484375,831.016296386719
4038.841796875,4584.60693359375,869.802978515625
5266.52880859375,5040.11767578125,847.124755859375
6517.3271484375,3371.07568359375,801.323791503906
1698.49487304688,7048.95263671875,902.196716308594
5652.2421875,3508.310546875,854.394897460938
672.27783203125,7576.91064453125,935.80419921875
4879.095703125,6192.2470703125,827.311401367188
3058.67529296875,6232.2705078125,887.609008789062
4147.953125,2013.79638671875,412.69580078125
1728.99597167969,1673.71240234375,530.382568359375
4107.748046875,3386.98754882812,820.736572265625
6684.83251953125,1420.59948730469,248.190856933594
4043.84765625,5572.43212890625,863.079345703125
2302.521484375,6115.7236328125,898.653076171875
4645.35888671875,4988.33349609375,865.955200195312
3119.50146484375,875.564453125,353.648132324219
7490.1357421875,1589.15307617188,213.768676757812
5854.93017578125,3672.14721679688,865.075317382812
6133.75830078125,3087.00146484375,831.4013671875
4168.28759765625,4304.5908203125,835.267822265625
7094.8662109375,6575.4521484375,749.256469726562
794.849609375,7768.2490234375,921.193481445312
5282.90673828125,5056.98046875,842.7236328125
2272.78637695312,2311.02392578125,563.877075195312
4341.69677734375,135.280792236328,241.006103515625
5190.64599609375,7661.5869140625,801.206359863281
6120.86328125,4658.6337890625,819.804931640625
4485.28173828125,192.113052368164,183.948547363281
1948.71716308594,1358.01281738281,440.983673095703
4673.12548828125,2601.29956054688,487.384216308594
6611.75,3260.30688476562,794.443542480469
4646.15380859375,5497.7705078125,853.336303710938
420.068603515625,6427.74072265625,876.4833984375
4241.01611328125,3577.984375,839.44970703125
6251.513671875,3699.56494140625,807.845275878906
4060.89697265625,4657.0087890625,878.431701660156
1682.36694335938,7302.69921875,880.986145019531
775.593139648438,7554.5302734375,921.333374023438
6842.37939453125,1978.75891113281,371.622802734375
6540.7744140625,3161.69409179688,767.1640625
1799.17993164062,1199.82409667969,388.521545410156
2208.93310546875,6206.22607421875,915.452880859375
3549.01611328125,7730.689453125,832.864624023438
5843.53271484375,3638.52026367188,862.770324707031
7114.90625,6776.96484375,734.010803222656
1807.0419921875,1196.02416992188,387.330047607422
6724.158203125,1666.90771484375,276.210906982422
4160.38525390625,5456.5771484375,870.507690429688
4588.2392578125,5756.388671875,813.114562988281
4895.21337890625,6133.921875,830.326721191406
2290.50903320312,6193.208984375,909.649658203125
5910.265625,7749.0361328125,816.616088867188
5863.4267578125,711.2099609375,274.276580810547
2926.65014648438,4644.572265625,918.500122070312
4677.6103515625,5496.4658203125,855.882629394531
7514.6357421875,5154.7451171875,789.480407714844
6227.7275390625,7854.3876953125,822.482849121094
2585.3896484375,7606.64208984375,837.004272460938
984.665771484375,196.581359863281,544.874145507812
785.185546875,7657.01904296875,922.012329101562
3995.42236328125,4863.64599609375,895.427978515625
1847.55688476562,1944.28466796875,619.337768554688
5262.7705078125,6235.384765625,817.307922363281
5235.06396484375,4592.8662109375,868.365356445312
5031.4775390625,6059.94091796875,796.061218261719
3761.63696289062,4738.98095703125,854.71728515625
1207.82006835938,1728.66552734375,480.435394287109
5204.08154296875,4512.4501953125,868.905151367188
6471.54296875,3387.92138671875,801.697021484375
4198.74072265625,3436.2236328125,836.0439453125
3242.41625976562,847.123901367188,373.787719726562
1350.69274902344,6305.52783203125,889.858215332031
6931.2470703125,6170.11865234375,767.934997558594
3676.6083984375,4179.2685546875,871.746459960938
1859.5185546875,1823.27404785156,602.941528320312
362.099273681641,4708.79150390625,858.599243164062
4010.54150390625,7682.9892578125,840.643615722656
6603.8232421875,6086.796875,736.448425292969
6290.8232421875,4797.97607421875,820.650024414062
6014.4912109375,3847.4072265625,832.965454101562
7372.3291015625,561.505798339844,220.793365478516
4440.21728515625,5688.37890625,844.924743652344
7507.52978515625,6036.8115234375,806.544311523438
7130.10302734375,6597.462890625,768.553955078125
1164.2158203125,1433.09790039062,428.333312988281
3207.31323242188,2263.314453125,852.55322265625
4175.43896484375,5660.251953125,871.123474121094
5233.0205078125,6655.75634765625,814.586120605469
4121.71337890625,3982.3271484375,816.310668945312
2352.873046875,6179.2734375,897.925415039062
6673.7607421875,6032.9990234375,755.8662109375
4014.14306640625,2137.84765625,446.965881347656
6667.8310546875,3600.115234375,792.396545410156
267.984710693359,4850.890625,849.330017089844
4126.9345703125,4778.69873046875,879.109436035156
3963.3115234375,4744.9296875,892.372131347656
5800.3603515625,4445.94921875,837.166259765625
7556.640625,5139.66796875,787.667114257812
3054.87060546875,3691.42309570312,886.617065429688
6918.1806640625,6071.2294921875,784.342651367188
3042.9140625,4646.64306640625,924.645812988281
4886.84228515625,6137.40185546875,832.238220214844
6329.62890625,4775.7490234375,813.815246582031
393.462097167969,572.106628417969,627.476928710938
6272.5654296875,43.5770568847656,157.833648681641
4569.8115234375,5038.568359375,854.348937988281
6628.015625,6088.85302734375,748.981323242188
3407.06860351562,6484.3359375,877.786743164062
3413.0419921875,6436.615234375,880.752685546875
5455.20556640625,5039.8271484375,810.6279296875
7487.0234375,5953.9814453125,809.015625
3116.01196289062,6318.46630859375,888.656616210938
7352.720703125,5020.88720703125,800.797668457031
6442.3515625,763.76171875,233.362213134766
6620.7265625,3202.59790039062,779.36572265625
4660.97265625,2571.14721679688,484.026611328125
6027.93603515625,4684.26318359375,822.463562011719
6549.36669921875,3301.66333007812,798.675903320312
1528.4697265625,7141.6396484375,891.184020996094
6551.23095703125,3305.47290039062,799.565795898438
3216.91430664062,6052.95556640625,895.061157226562
1196.24597167969,6255.7890625,890.137390136719
6539.6904296875,6109.134765625,721.327880859375
7459.93701171875,4347.1435546875,777.918823242188
4038.98291015625,4574.46875,867.247619628906
1765.42211914062,895.897888183594,367.259979248047
5824.2783203125,4644.62744140625,831.283508300781
298.455322265625,5068.1689453125,853.8935546875
3739.82153320312,4886.32568359375,861.555847167969
6433.689453125,666.78759765625,225.340209960938
815.092346191406,7648.953125,918.39208984375
3898.07836914062,7710.84423828125,860.644165039062
6947.97021484375,5381.3505859375,837.592651367188
948.542358398438,7655.5966796875,903.217956542969
1472.50268554688,6201.34521484375,907.246704101562
3147.31640625,3582.38061523438,886.36962890625
4039.4638671875,4519.2744140625,851.711975097656
595.696960449219,6290.3701171875,892.871276855469
7473.31591796875,7008.88134765625,728.522338867188
5796.916015625,3663.27197265625,865.823974609375
4054.38134765625,3347.3701171875,797.453674316406
336.220672607422,4357.18994140625,617.403686523438
3088.38745117188,6343.3115234375,887.058044433594
6187.373046875,7748.1064453125,839.431274414062
6273.9765625,611.129516601562,243.235458374023
4815.27685546875,6396.6640625,849.479858398438
2235.66943359375,2919.07153320312,840.955200195312
4012.11108398438,7768.4169921875,842.201538085938
4806.1474609375,3888.6201171875,846.7763671875
3672.72485351562,1319.34912109375,445.449401855469
1759.57763671875,7111.66943359375,898.291137695312
3475.41870117188,1333.02404785156,485.420440673828
6690.4482421875,7942.30908203125,790.120178222656
6532.328125,7931.6064453125,827.454956054688
3143.138671875,6131.619140625,892.053100585938
4192.61279296875,21.5102100372314,262.699249267578
990.870056152344,2799.43090820312,835.616577148438
7975.8837890625,3680.87451171875,799.484130859375
5499.90625,3237.90869140625,834.5947265625
3815.41528320312,7947.2177734375,825.47607421875
7490.2431640625,5208.33447265625,799.483764648438
3746.05932617188,4646.2509765625,852.5654296875
5061.6943359375,6156.33984375,793.774475097656
4115.2880859375,4459.3056640625,837.01611328125
5917.65234375,6551.501953125,847.772399902344
6632.9521484375,6039.8681640625,740.060485839844
4025.703125,944.152099609375,333.544128417969
1416.8349609375,5147.185546875,928.585754394531
584.1064453125,3449.65405273438,906.395385742188
3185.1181640625,6147.30078125,896.847290039062
996.826049804688,7638.6474609375,910.481384277344
5190.16943359375,6407.681640625,809.540344238281
6894.7216796875,6516.68017578125,716.205932617188
5976.1591796875,166.478988647461,178.562561035156
805.698974609375,7683.80078125,919.829345703125
7326.9833984375,6134.72021484375,818.975158691406
6031.3212890625,4579.48486328125,827.3798828125
1389.87939453125,6127.52734375,912.325622558594
3465.33203125,1235.26806640625,455.690979003906
4157.9453125,6453.1650390625,843.0166015625
4877.583984375,6124.189453125,832.962646484375
5888.9736328125,573.487121582031,257.361999511719
6520.83837890625,7859.86279296875,827.329895019531
5880.6201171875,7718.8193359375,806.27783203125
4176.30859375,76.9869613647461,277.566131591797
7616.45458984375,5959.236328125,807.954895019531
3899.6904296875,7601.951171875,862.80517578125
4209.46875,4793.18505859375,886.239624023438
6545.142578125,1486.44348144531,302.033020019531
397.209594726562,4652.0107421875,867.700439453125
1216.03198242188,1728.90991210938,483.881408691406
3079.90087890625,812.078002929688,344.107482910156
1454.44128417969,5147.14404296875,922.252685546875
5135.8740234375,1771.89099121094,488.007690429688
7306.4697265625,5102.42919921875,799.234741210938
4042.474609375,7669.30517578125,830.921875
3951.9072265625,4697.00048828125,886.406982421875
3017.67016601562,900.749267578125,359.468627929688
5183.1484375,4555.73388671875,868.931213378906
4139.98486328125,3323.07373046875,824.470764160156
1873.39050292969,1195.99768066406,410.387512207031
1047.49658203125,2898.3779296875,866.491333007812
6994.2705078125,6742.56884765625,721.431884765625
1614.99829101562,7122.83056640625,896.277587890625
303.016815185547,5011.54052734375,864.10302734375
3232.92163085938,930.719543457031,373.249206542969
4863.888671875,6158.37548828125,834.08251953125
1551.49450683594,1866.23291015625,617.7099609375
5955.185546875,61.6775131225586,133.356353759766
2648.49389648438,6436.62890625,879.226440429688
3491.56079101562,1423.03759765625,487.054138183594
1745.57055664062,1738.70568847656,553.750915527344
5963.32763671875,57.4354858398438,132.659225463867
4510.2578125,5778.57861328125,835.97509765625
6806.2998046875,5077.609375,818.467895507812
523.973693847656,3471.00537109375,909.943664550781
331.05224609375,4477.998046875,670.09912109375
4981.82177734375,6479.03466796875,808.916870117188
6518.4091796875,7961.89794921875,825.382568359375
860.327941894531,7483.17919921875,920.564636230469
3882.62841796875,7484.9765625,853.10205078125
4171.92236328125,134.704010009766,272.383819580078
1293.07055664062,1727.97924804688,489.894470214844
3733.31494140625,4744.794921875,861.908264160156
5234.7568359375,4551.85693359375,869.733581542969
6294.046875,7927.591796875,807.090698242188
3904.5322265625,6325.1396484375,856.375305175781
5844.71337890625,368.203765869141,212.440780639648
4308.41748046875,884.302307128906,255.218124389648
1951.52905273438,5182.6552734375,907.594848632812
7412.4755859375,1636.98034667969,237.099227905273
6616.291015625,3393.96923828125,807.888793945312
5939.001953125,4769.90966796875,836.024658203125
5480.98779296875,3108.046875,847.593505859375
4918.90966796875,6239.7861328125,813.227294921875
7478.423828125,6962.6962890625,751.327270507812
5894.16162109375,7959.0966796875,848.595458984375
1692.01647949219,5252.37890625,938.891418457031
130.210113525391,3150.15869140625,596.207885742188
5883.591796875,7800.3837890625,829.165161132812
648.028991699219,7605.009765625,936.878356933594
1711.5234375,7216.8623046875,888.990600585938
4025.5615234375,4979.01171875,874.414367675781
6707.29150390625,3469.0625,796.188842773438
632.923889160156,7786.0458984375,928.360778808594
599.073364257812,4354.748046875,642.346374511719
6074.17578125,4560.42041015625,826.247802734375
3666.09057617188,7868.234375,831.375915527344
7086.6630859375,1843.52978515625,380.105224609375
7812.91796875,1953.62170410156,228.821655273438
2184.3955078125,4598.22705078125,883.332458496094
1956.03210449219,5102.5322265625,912.089660644531
7357.42822265625,4945.037109375,805.123352050781
7286.4521484375,1950.3125,369.212097167969
1644.75756835938,1893.85119628906,626.352478027344
4682.166015625,2616.10791015625,484.574493408203
4222.10107421875,3359.1279296875,840.4013671875
1357.68310546875,6259.34375,899.082458496094
4241.619140625,4998.13134765625,881.019348144531
7365.66162109375,6144.58642578125,817.225463867188
7140.6943359375,6752.68359375,749.643371582031
727.442138671875,7750.84716796875,925.109741210938
3427.00756835938,7804.6357421875,849.604064941406
2032.96997070312,1247.32214355469,435.399200439453
726.293212890625,7654.48486328125,928.674682617188
7137.47900390625,6217.376953125,798.890258789062
1882.61462402344,7662.10302734375,846.628295898438
3966.72583007812,7790.8037109375,850.499694824219
4020.00708007812,4648.2802734375,885.454528808594
4642.4384765625,5795.384765625,810.689208984375
5037.75634765625,7383.05810546875,818.661315917969
2444.544921875,6283.48583984375,893.580871582031
616.925231933594,3489.76123046875,905.019409179688
4718.89453125,2621.5078125,476.99365234375
4905.01220703125,6091.1337890625,817.60400390625
4725.80859375,5855.99951171875,808.963256835938
7384.9130859375,5070.505859375,796.994445800781
4595.71923828125,4900.7724609375,869.7255859375
7362.45703125,5969.4013671875,817.328735351562
5784.18505859375,3395.36279296875,844.832092285156
2258.55224609375,6383.90673828125,902.700378417969
3040.00537109375,6206.50244140625,885.348388671875
2452.19360351562,6285.1279296875,893.183837890625
5608.1923828125,5571.427734375,853.681579589844
3916.99194335938,4505.158203125,843.822814941406
3664.86108398438,4818.609375,870.2900390625
4932.86474609375,6402.63916015625,821.954284667969
1260.91723632812,5945.50146484375,923.565185546875
3188.80126953125,3647.12231445312,881.256958007812
7397.4931640625,3274.25439453125,472.255035400391
5161.42529296875,5132.017578125,864.157043457031
5745.333984375,1062.64978027344,375.487762451172
4088.22314453125,3342.58544921875,810.408996582031
4528.4013671875,5721.2880859375,822.210693359375
7434.9931640625,5985.822265625,813.6162109375
2231.94750976562,4304.5478515625,869.168762207031
6640.89697265625,3476.09765625,805.010986328125
4914.32568359375,6286.05859375,813.0390625
6279.31494140625,3243.69091796875,767.67626953125
7115.42333984375,6805.462890625,732.081909179688
3972.67138671875,4924.939453125,890.205749511719
1156.03869628906,1303.24658203125,434.688781738281
6358.4375,7814.1455078125,812.175170898438
7208.1630859375,6774.68798828125,757.374389648438
7800.11669921875,5894.78369140625,810.941467285156
3339.0498046875,5957.7119140625,889.986145019531
2950.86767578125,6271.845703125,868.261535644531
3472.80249023438,7856.08740234375,840.099670410156
5224.31884765625,6653.7294921875,812.403076171875
3670.12841796875,4780.47509765625,866.239624023438
646.419555664062,1842.70593261719,566.840087890625
6152.06494140625,4828.595703125,829.493286132812
3988.54516601562,3159.68090820312,796.190185546875
4109.078125,4298.3017578125,846.119873046875
6430.423828125,7902.46435546875,793.565307617188
555.434753417969,4322.4755859375,628.160522460938
7400.87548828125,7171.22900390625,764.723876953125
7477.62353515625,5070.11865234375,793.097106933594
3745.79028320312,4876.1279296875,860.956909179688
7159.767578125,1202.74694824219,151.766052246094
1024.89758300781,6314.64697265625,909.954956054688
6317.3017578125,4782.21337890625,816.675109863281
6479.6318359375,722.317321777344,227.608825683594
367.581237792969,4736.193359375,867.361328125
3095.58642578125,3669.85302734375,887.179321289062
4910.8193359375,2680.751953125,513.029968261719
1139.72521972656,1431.59118652344,436.693084716797
6254.36083984375,3188.91259765625,804.330139160156
7003.58349609375,5068.7578125,822.912170410156
227.032318115234,6254.76513671875,904.484619140625
4462.330078125,5657.9130859375,834.610961914062
906.637634277344,7628.49169921875,904.062927246094
4151.14208984375,4140.77001953125,843.977661132812
5714.1259765625,3680.90380859375,864.980163574219
7916.48046875,711.195678710938,402.21923828125
4125.2021484375,3220.6064453125,768.574523925781
7697.05859375,677.381958007812,338.225555419922
6400.28857421875,6104.4052734375,790.01123046875
2348.14770507812,3513.06103515625,874.63818359375
1675.99975585938,5220.3515625,939.160583496094
5393.5283203125,6195.36669921875,833.326293945312
3049.20336914062,577.900024414062,350.265869140625
5037.2333984375,6123.1865234375,795.134765625
4608.56298828125,5518.103515625,847.072631835938
2486.22338867188,6249.87060546875,883.055603027344
37.7750091552734,3192.71337890625,565.280700683594
2604.83911132812,3398.89794921875,858.60498046875
3432.84326171875,1256.92041015625,466.747192382812
4915.86376953125,6148.89501953125,828.29248046875
3085.76586914062,3744.23193359375,885.716735839844
6938.791015625,6620.32958984375,709.428100585938
7028.6923828125,6587.076171875,744.649658203125
7440.3125,6983.33203125,729.879028320312
3126.35717773438,3744.9462890625,883.144409179688
1205.73889160156,5924.0302734375,928.464721679688
5168.20458984375,6615.0966796875,799.648315429688
621.422607421875,4366.53759765625,645.086242675781
6569.0087890625,6028.4931640625,743.409545898438
7268.53369140625,1055.71704101562,172.293380737305
4490.2744140625,829.011047363281,198.202789306641
6656.0087890625,5896.5791015625,778.422668457031
5225.8212890625,4412.82958984375,864.540893554688
439.447204589844,6320.93017578125,887.640869140625
5199.47802734375,4490.2451171875,867.838500976562
6089.03125,4621.60888671875,823.345581054688
4217.67138671875,4031.67724609375,816.52099609375
4231.63427734375,76.6504821777344,260.713958740234
1666.24670410156,7076.876953125,901.687255859375
2478.16186523438,3422.2705078125,882.620239257812
2357.06591796875,3285.3701171875,878.165954589844
1693.70874023438,7268.9892578125,883.887451171875
1217.71276855469,1600.02001953125,444.522583007812
311.877655029297,1053.76647949219,630.331848144531
5884.90234375,4590.45703125,829.861206054688
6612.46044921875,6022.986328125,746.193603515625
3993.5263671875,2066.49658203125,436.867034912109
1644.06274414062,7113.65966796875,898.041625976562
970.285888671875,7750.1025390625,901.4921875
6886.5625,5482.9345703125,823.381774902344
6327.6904296875,629.370788574219,242.943771362305
6536.494140625,581.084655761719,208.439270019531
758.093811035156,1797.32788085938,500.703277587891
6438.02490234375,4780.5888671875,810.342346191406
6276.154296875,4708.130859375,805.149780273438
4890.8818359375,6304.775390625,824.596313476562
3266.56372070312,5842.75341796875,895.988403320312
5115.853515625,1822.68127441406,503.158721923828
6115.4345703125,1562.09033203125,371.179901123047
2412.14794921875,3356.9794921875,882.60205078125
2408.55737304688,4451.466796875,900.323120117188
2408.056640625,3468.95043945312,882.544677734375
6505.734375,3298.9462890625,789.590270996094
6533.0009765625,5996.31787109375,749.583862304688
2167.71118164062,6368.3896484375,899.135070800781
683.407531738281,7720.771484375,929.672729492188
601.27978515625,4194.4033203125,643.771118164062
6665.60546875,1549.78503417969,272.362548828125
4814.0634765625,5589.1181640625,851.188598632812
6636.21875,1834.36486816406,303.210205078125
4271.02734375,6153.22802734375,868.530639648438
2585.52514648438,7483.0234375,840.819091796875
6610.2099609375,6076.224609375,734.539123535156
931.217834472656,5367.23583984375,953.685424804688
315.959655761719,6242.36181640625,910.866516113281
2340.05322265625,6137.42578125,896.477111816406
5669.42578125,6063.7353515625,862.242248535156
3910.01318359375,7895.4765625,842.2861328125
1253.82934570312,6275.46875,890.841064453125
4688.60595703125,5495.671875,856.7705078125
3086.171875,6228.0693359375,891.406372070312
6013.6455078125,7760.30126953125,840.579711914062
3238.7255859375,5901.8740234375,894.5927734375
447.312622070312,4336.7783203125,628.446655273438
4091.96875,3337.86328125,810.22802734375
1671.31799316406,7156.1240234375,894.294494628906
7161.6064453125,2163.2529296875,441.662719726562
6182.0849609375,683.322448730469,253.255462646484
1676.15478515625,1782.24157714844,576.50341796875
2218.71508789062,2910.48974609375,840.774658203125
735.386047363281,3543.47290039062,889.059020996094
3969.310546875,4728.8203125,892.065979003906
6935.42529296875,6471.587890625,730.587158203125
1538.86059570312,1831.1904296875,610.452087402344
3904.67846679688,6314.015625,858.930847167969
588.05419921875,4137.74755859375,645.56884765625
3712.984375,4293.96533203125,862.928527832031
6146.873046875,4669.130859375,818.026306152344
1894.06286621094,1272.82934570312,411.030670166016
2293.88647460938,6110.57421875,899.694702148438
7971.09814453125,827.244873046875,419.877502441406
4251.87353515625,3483.70654296875,838.297485351562
7486.95458984375,6980.1416015625,745.322937011719
3093.88037109375,746.04541015625,353.125
4803.10498046875,6452.3603515625,846.1904296875
1030.71215820312,203.617980957031,536.655883789062
6822.8916015625,5507.7998046875,824.150817871094
2380.330078125,6268.56689453125,898.253662109375
2438.373046875,3487.59887695312,883.87890625
2254.13793945312,6103.68505859375,905.219055175781
3746.15771484375,4681.8291015625,853.433349609375
6303.82470703125,4740.798828125,803.866882324219
3410.2626953125,6143.06396484375,889.526428222656
4468.53857421875,5723.4326171875,838.80859375
3203.84350585938,779.493286132812,361.031890869141
2237.353515625,6302.81201171875,912.2412109375
6056.2578125,4649.0283203125,823.3603515625
1821.93444824219,2013.80688476562,644.904968261719
1692.89318847656,7765.5224609375,906.510437011719
4103.314453125,4681.6181640625,860.014465332031
2283.8603515625,2962.55102539062,839.245971679688
471.461669921875,6314.56298828125,884.817687988281
4620.76708984375,5744.302734375,816.871154785156
964.012573242188,7635.94775390625,908.069946289062
1062.49694824219,196.520202636719,528.986755371094
2137.10302734375,2976.36962890625,845.891662597656
1865.84069824219,1515.38159179688,472.676452636719
1322.53186035156,6007.021484375,925.22802734375
7384.64306640625,5116.3271484375,795.612060546875
3714.35522460938,5081.42529296875,872.874145507812
5798.59912109375,789.555358886719,289.100189208984
6964.27392578125,6092.072265625,776.377624511719
1382.07495117188,5896.46923828125,878.750610351562
7738.97265625,6065.427734375,804.469482421875
1565.29357910156,1759.07275390625,578.645629882812
5820.8271484375,708.44775390625,290.257934570312
689.255493164062,7661.66748046875,932.980590820312
4945.578125,6203.296875,817.84765625
6617.009765625,7986.98583984375,821.937194824219
4747.04736328125,5445.11474609375,866.788635253906
386.659484863281,4489.31787109375,699.071411132812
3703.62548828125,4074.57568359375,867.226013183594
2140.15673828125,6361.21533203125,899.025146484375
6219.4736328125,4758.32177734375,810.830200195312
4909.984375,6258.14013671875,809.600830078125
3657.154296875,1369.41552734375,459.261962890625
1387.66845703125,5907.9453125,880.328491210938
4725.11767578125,5749.455078125,825.2509765625
6505.7197265625,3395.19287109375,802.582153320312
449.179260253906,4547.54638671875,887.326477050781
6289.62255859375,486.186645507812,206.884674072266
3197.10278320312,5950.654296875,892.750122070312
5877.54833984375,536.239807128906,247.655838012695
2471.189453125,6170.61328125,883.472900390625
6538.619140625,6096.6796875,722.57958984375
3432.56640625,6557.98193359375,869.19775390625
6191.41796875,3157.650390625,820.438842773438
7484.6650390625,1607.71496582031,208.518249511719
3899.54760742188,1636.72680664062,420.891632080078
4199.2783203125,3516.43383789062,831.562255859375
1245.50927734375,6446.38818359375,902.791015625
4173.595703125,6211.41455078125,854.292236328125
6239.5244140625,2921.82934570312,597.880493164062
3231.8427734375,980.388427734375,395.271362304688
3164.5009765625,2241.060546875,840.10595703125
3908.876953125,6842.80126953125,854.708129882812
4151.5009765625,6199.1484375,853.634643554688
5619.8037109375,3255.80053710938,839.623413085938
2928.521484375,3747.93530273438,879.721618652344
5293.6083984375,6276.7021484375,828.772705078125
6075.6806640625,4699.8740234375,820.169921875
100.813201904297,1165.87585449219,856.724670410156
2549.80444335938,6387.76708984375,888.883544921875
4004.2861328125,878.168823242188,308.949523925781
1492.81958007812,6243.59130859375,904.340209960938
5641.78125,3304.0625,839.20703125
2184.201171875,6325.369140625,909.347778320312
3092.31909179688,6284.2373046875,889.845153808594
4182.33203125,5015.9921875,867.338684082031
2970.6484375,4688.453125,921.722961425781
809.720031738281,7698.21630859375,920.202880859375
523.287170410156,4247.7744140625,598.480895996094
7135.73828125,6949.201171875,718.981201171875
5990.66357421875,4580.2783203125,828.5478515625
4379.66162109375,767.383605957031,209.758972167969
6607.822265625,3393.07788085938,808.866455078125
2386.1279296875,3515.39208984375,879.14453125
3936.10009765625,7893.6328125,844.233520507812
6170.005859375,4704.0556640625,815.275207519531
2595.4189453125,2366.48291015625,604.8583984375
7428.89599609375,1632.17553710938,230.968704223633
5303.3857421875,6696.2021484375,820.859008789062
410.144165039062,4866.39599609375,897.185424804688
573.748962402344,3377.97436523438,908.084655761719
1721.42504882812,7062.72900390625,901.375
472.530700683594,4909.65087890625,903.519165039062
4069.16064453125,4725.3974609375,879.047668457031
2938.48583984375,6225.06298828125,871.324340820312
5543.29638671875,1052.04040527344,423.605133056641
1532.01965332031,1781.35009765625,594.053405761719
6506.00390625,3323.572265625,794.832641601562
6458.3876953125,7831.30419921875,802.68310546875
4518.24169921875,480.221557617188,220.576385498047
5666.6103515625,3424.66064453125,846.320068359375
5851.11962890625,334.404876708984,207.116180419922
3773.62670898438,5068.90771484375,879.548950195312
2208.52587890625,6358.40966796875,903.62744140625
4029.27368164062,3383.49560546875,793.934326171875
5864.1201171875,4462.26904296875,837.10546875
5277.2412109375,5050.64501953125,844.271240234375
6052.0361328125,4664.6103515625,822.436828613281
759.957641601562,1976.45715332031,583.595703125
3186.45092773438,2343.505859375,871.855834960938
1126.27404785156,1746.38610839844,452.192443847656
835.078186035156,5323.5302734375,928.4697265625
3451.08666992188,6269.6630859375,883.885559082031
1102.96899414062,3228.63940429688,903.894226074219
1291.7900390625,6374.61669921875,883.575439453125
896.346130371094,7747.52978515625,914.033935546875
4824.15966796875,2609.51977539062,483.174255371094
7863.142578125,710.044616699219,382.541564941406
2426.8134765625,3333.69604492188,881.162292480469
7528.32666015625,5973.556640625,806.024291992188
305.506469726562,6258.21435546875,907.779235839844
787.719177246094,7569.1611328125,919.73193359375
3745.28076171875,4835.21044921875,859.048522949219
3204.67163085938,5996.40673828125,893.374877929688
936.008361816406,7645.43359375,903.552124023438
5229.0771484375,6269.0703125,819.042175292969
6000.23876953125,7761.68359375,838.212951660156
1663.93432617188,7111.1904296875,898.873474121094
5740.93212890625,923.919128417969,309.096221923828
6338.86572265625,7978.13916015625,797.557250976562
4122.5830078125,5451.94091796875,872.910034179688
187.008758544922,6152.2177734375,922.745056152344
4565.64013671875,5730.5908203125,814.85302734375
5912.16552734375,163.863998413086,154.197937011719
7329.3740234375,3145.63012695312,497.833099365234
1608.44482421875,1732.61010742188,572.959106445312
7316.77392578125,6124.759765625,818.841918945312
3715.07080078125,1633.39489746094,448.936889648438
1119.54162597656,1502.24157714844,437.361267089844
3841.15161132812,4772.00537109375,871.424438476562
5584.669921875,3133.29736328125,849.53369140625
7907.69970703125,787.539367675781,398.817993164062
7208.0380859375,1141.31896972656,158.392761230469
3036.77416992188,3746.67749023438,886.033081054688
5206.68017578125,4549.36474609375,868.257202148438
5911.89892578125,4607.8056640625,827.754638671875
3957.44921875,5542.5078125,879.629760742188
4505.84423828125,5477.171875,826.947387695312
5773.5341796875,3417.44848632812,844.831420898438
4583.6552734375,1580.75744628906,289.943511962891
3171.5400390625,622.801147460938,357.429534912109
6065.12890625,4591.2685546875,825.805419921875
2463.90283203125,3398.1982421875,882.327514648438
1700.15771484375,1786.05493164062,569.162780761719
2427.17919921875,6250.939453125,891.275634765625
7347.65234375,2371.10107421875,419.650329589844
3108.89282226562,869.924621582031,351.819641113281
6971.91796875,6602.033203125,722.159057617188
780.387451171875,7736.58154296875,923.175964355469
3861.439453125,7428.4140625,840.71240234375
2524.81323242188,7569.138671875,843.684936523438
7787.9130859375,3331.62060546875,780.480224609375
817.294921875,7602.33203125,916.765869140625
1669.755859375,155.266204833984,365.817565917969
4836.35009765625,6226.42578125,825.331359863281
635.03173828125,4293.61083984375,623.085205078125
3621.6083984375,4678.0341796875,850.594055175781
5260.2119140625,7545.0791015625,768.471862792969
7387.41796875,5041.51220703125,799.017761230469
3405.69018554688,7566.9072265625,840.5791015625
2279.62475585938,6358.765625,908.5615234375
7220.41357421875,2183.75854492188,433.328063964844
3611.03564453125,1365.09533691406,455.362457275391
1079.32861328125,1425.55078125,443.604339599609
4215.525390625,4838.443359375,887.038330078125
5711.22802734375,3484.74731445312,849.112976074219
6399.5322265625,1334.82470703125,304.097412109375
6408.21435546875,3742.75561523438,805.83642578125
4381.98095703125,5594.11279296875,843.235229492188
1543.18896484375,7146.1298828125,891.4716796875
4155.85888671875,4982.00830078125,865.536254882812
3849.994140625,7717.2470703125,858.882202148438
1643.36181640625,7119.3720703125,897.543762207031
3055.6943359375,4579.1875,922.322448730469
1840.38330078125,7694.12451171875,873.414489746094
2427.029296875,4243.2021484375,875.183776855469
356.465393066406,4714.61572265625,861.930541992188
3689.83837890625,2456.34399414062,550.311889648438
333.573211669922,6282.84765625,903.232360839844
1642.51525878906,1832.85803222656,609.959045410156
6225.064453125,4919.2666015625,854.279113769531
402.543640136719,2924.15869140625,629.141357421875
6139.08740234375,4574.568359375,821.148132324219
4166.37060546875,5133.93310546875,856.246154785156
3830.94653320312,7876.34130859375,839.981018066406
2960.11889648438,6195.20166015625,871.332641601562
3986.20751953125,4726.0546875,893.946228027344
709.732055664062,4296.12646484375,654.948547363281
6266.26171875,7923.0390625,809.884643554688
6689.24755859375,3494.18627929688,797.778137207031
3448.12475585938,1227.09765625,462.932312011719
5730.89404296875,1137.2578125,399.448028564453
6235.73046875,4636.17333984375,814.521606445312
1820.49682617188,1080.31201171875,402.162536621094
1698.52893066406,7261.2119140625,884.586547851562
6922.7451171875,5136.328125,835.406372070312
4991.3076171875,6174.796875,813.670654296875
4712.1015625,5759.45947265625,823.967651367188
3928.74267578125,7529.072265625,852.601745605469
5792.32177734375,3494.9775390625,848.450561523438
6866.404296875,5478.56884765625,825.951904296875
1660.85705566406,7341.94287109375,874.761413574219
4963.1923828125,6117.7744140625,812.709106445312
3736.5810546875,4918.091796875,863.503173828125
7091.58984375,1736.60205078125,341.090637207031
6824.3046875,5062.8388671875,822.251098632812
1357.72888183594,5110.39990234375,935.455810546875
4224.65478515625,908.017578125,299.034790039062
5140.93359375,7466.9833984375,812.191162109375
6212.3408203125,7942.60791015625,805.391357421875
4171.88916015625,4960.2275390625,870.209411621094
6620.03173828125,6008.22900390625,750.614318847656
2226.31298828125,6382.55419921875,899.777648925781
6410.4189453125,1393.71667480469,319.946044921875
611.766662597656,7379.1787109375,946.310302734375
5042.4111328125,7403.40380859375,821.817321777344
6235.97802734375,4814.24951171875,822.06396484375
2930.32861328125,3686.55786132812,877.524658203125
4557.5068359375,5717.146484375,815.194213867188
4101.8828125,3336.42114257812,814.097778320312
4605.9638671875,1556.12878417969,283.218811035156
5791.884765625,3586.16870117188,859.350219726562
7358.81787109375,1481.15087890625,192.580993652344
4243.78759765625,6186.4111328125,863.591674804688
455.454498291016,6369.197265625,879.481140136719
5281.37255859375,6613.0576171875,828.871643066406
3854.93530273438,4171.12744140625,862.550354003906
6342.9501953125,3778.8115234375,796.990112304688
5756.705078125,72.5959014892578,188.180297851562
7833.3095703125,2249.77319335938,272.725891113281
1437.49682617188,5105.8642578125,937.810485839844
7052.5283203125,5396.048828125,829.411499023438
5222.78515625,6168.82958984375,795.980407714844
915.232482910156,7627.208984375,904.207458496094
2413.92724609375,6296.8203125,898.078308105469
6066.23876953125,7929.9892578125,840.257507324219
45.5281448364258,3268.6826171875,586.919738769531
1105.70532226562,258.073699951172,511.074890136719
900.0859375,5337.615234375,949.408813476562
2408.06420898438,6299.47900390625,899.133178710938
2724.79638671875,7370.796875,841.68603515625
6663.24609375,6159.47802734375,743.305908203125
5065.71875,1715.39172363281,441.694122314453
348.274536132812,639.228881835938,628.193176269531
337.598693847656,4745.8984375,854.48681640625
4232.4140625,182.247283935547,253.109558105469
3899.8212890625,4738.8623046875,876.503540039062
6665.50537109375,1356.07849121094,242.468811035156
7367.771484375,7150.892578125,747.590148925781
7051.08837890625,2495.7587890625,506.675354003906
7776.40771484375,5378.14599609375,798.896728515625
6972.64453125,5697.267578125,806.437622070312
7474.931640625,5271.72900390625,806.374572753906
5809.900390625,3562.13452148438,856.478149414062
5190.671875,6498.72607421875,794.837768554688
3840.5556640625,4246.162109375,858.873596191406
2293.70776367188,6259.82666015625,910.22216796875
5889.830078125,6523.99072265625,843.910888671875
4177.84326171875,6295.029296875,851.3984375
4130.21875,4489.05126953125,834.041137695312
2806.220703125,3903.75439453125,901.746887207031
806.643493652344,7571.68017578125,916.400146484375
5850.22265625,3444.62890625,847.057922363281
2133.310546875,6149.6904296875,920.450378417969
1335.24182128906,5917.45458984375,893.138854980469
4515.435546875,1580.87609863281,303.961608886719
4513.55859375,6398.77880859375,872.498229980469
4032.46459960938,4596.99658203125,872.426208496094
4241.888671875,3361.39501953125,842.333068847656
2503.20532226562,4447.5595703125,909.736083984375
3902.203125,6449.1396484375,836.658874511719
6600.13818359375,3316.40258789062,806.218627929688
6580.505859375,3364.4892578125,806.996459960938
342.190643310547,6806.79345703125,913.520935058594
3177.90405273438,7771.822265625,875.410461425781
7397.65234375,5107.94091796875,795.873779296875
7218.31884765625,2157.5439453125,426.350067138672
5264.31298828125,6253.5478515625,822.889404296875
1151.03845214844,230.190307617188,509.614807128906
7988.52490234375,6163.86083984375,800.205078125
5272.134765625,6179.2822265625,806.794067382812
1148.53173828125,1423.7607421875,433.1826171875
3719.34399414062,1657.728515625,449.718566894531
6089.28857421875,650.142639160156,242.933837890625
5774.0693359375,3540.62353515625,855.273254394531
2223.77685546875,6267.97265625,913.668029785156
3111.2216796875,563.5078125,360.523162841797
6618.712890625,7961.44482421875,819.313293457031
6551.748046875,6129.115234375,722.495727539062
1581.12463378906,1831.53051757812,616.244262695312
1647.65380859375,1859.33142089844,616.492736816406
4085.73022460938,3703.4091796875,810.96484375
1688.86572265625,7690.8974609375,908.984375
4589.06005859375,5598.208984375,832.909301757812
6717.31689453125,1730.66198730469,280.775329589844
6726.03662109375,6004.0244140625,772.073608398438
4227.3544921875,4855.8271484375,887.405944824219
6615.31201171875,3436.63549804688,806.617736816406
4300.77978515625,3342.67431640625,848.571350097656
7560.38916015625,6083.7294921875,804.262756347656
2263.4697265625,6223.84765625,912.563110351562
614.729309082031,3350.7490234375,902.571166992188
357.762847900391,4638.07861328125,742.743286132812
1929.48657226562,7707.353515625,838.589477539062
4229.06298828125,935.514892578125,299.341369628906
5033.8935546875,7721.03125,796.554870605469
6164.0419921875,474.994079589844,191.39404296875
4962.59521484375,6197.017578125,815.444458007812
7397.8974609375,5265.55224609375,802.76318359375
6136.55322265625,3090.25341796875,830.853393554688
7400.14697265625,5082.1796875,795.765747070312
3113.32104492188,3696.60693359375,883.877380371094
5781.10986328125,3586.26342773438,859.548522949219
2355.41650390625,6414.3505859375,903.3681640625
6440.3935546875,3311.982421875,772.235900878906
6894.7861328125,5645.7724609375,803.857788085938
4165.5498046875,4723.48193359375,859.031616210938
6131.3681640625,4727.3564453125,816.837890625
3081.52392578125,6219.1279296875,890.265258789062
5552.982421875,3368.09350585938,832.913513183594
4581.02587890625,1374.61059570312,268.692474365234
4222.541015625,6321.42724609375,852.784240722656
5777.20703125,3525.5068359375,853.196044921875
2614.888671875,6409.39453125,879.585327148438
3582.55078125,7752.4013671875,834.40087890625
5964.63232421875,3542.03930664062,850.198303222656
3873.09057617188,7955.1328125,829.074401855469
4839.2451171875,6302.5888671875,844.447631835938
1396.15441894531,6175.7158203125,906.597351074219
1956.27880859375,1213.30908203125,410.073425292969
7439.64306640625,3185.81079101562,454.366027832031
4114.134765625,3806.91650390625,801.645263671875
3182.47998046875,2305.31469726562,870.369079589844
3525.77783203125,7705.875,833.081237792969
3459.509765625,1411.19323730469,495.455871582031
5273.97705078125,6233.30615234375,820.567016601562
123.271629333496,6238.1240234375,907.254760742188
7044.44677734375,6660.515625,738.26025390625
6490.3173828125,3315.62768554688,793.369812011719
5251.54541015625,6690.63525390625,814.14306640625
1170.26599121094,6222.51708984375,895.315979003906
5315.375,6295.05322265625,824.041381835938
4678.88720703125,5906.8876953125,824.559753417969
6240.13525390625,4650.45703125,813.321044921875
7107.96630859375,3566.58203125,765.451232910156
2332.7373046875,6259.4794921875,906.106994628906
5770.658203125,97.9463348388672,191.057083129883
1101.58142089844,1400.6142578125,439.292541503906
7176.2607421875,2448.68920898438,460.607849121094
2354.59350585938,4025.43896484375,861.144897460938
3917.35473632812,7925.173828125,838.641845703125
5033.767578125,6100.67041015625,795.017639160156
723.70947265625,4347.5771484375,651.21142578125
708.577331542969,4362.32177734375,647.317687988281
1042.64721679688,2740.85546875,860.675415039062
711.030212402344,7465.376953125,931.330932617188
1801.76708984375,1730.21752929688,560.315795898438
5218.98779296875,4528.150390625,869.735656738281
6341.7734375,1396.11450195312,328.943054199219
4608.4052734375,5801.34423828125,814.822387695312
3833.23413085938,4768.1279296875,870.102111816406
4173.2138671875,3513.28002929688,827.876647949219
1766.25219726562,1805.49560546875,574.822998046875
1379.17126464844,6198.67578125,904.798645019531
4851.8017578125,3317.77685546875,830.042175292969
2213.892578125,2864.5439453125,836.489990234375
2122.94775390625,3012.4580078125,845.762573242188
4185.6220703125,5541.5986328125,877.476440429688
4165.08203125,3316.49389648438,831.375061035156
263.646606445312,6190.6494140625,920.697998046875
5164.6591796875,6576.45556640625,800.570190429688
3148.64013671875,3766.685546875,879.815795898438
73.656494140625,2136.71728515625,703.121337890625
2543.67309570312,3272.9501953125,845.612182617188
1221.00463867188,6228.72509765625,898.31982421875
3547.87036132812,7714.92236328125,834.046752929688
7523.02685546875,5089.02880859375,790.583740234375
358.003479003906,4828.2998046875,880.588012695312
4064.1171875,4579.8232421875,866.592651367188
2502.28540039062,3412.265625,878.36669921875
2553.71411132812,6334.4248046875,884.578552246094
2113.73950195312,6280.08056640625,913.774169921875
548.920043945312,4331.3623046875,630.715454101562
1807.4384765625,1803.29138183594,577.609313964844
2199.66674804688,6184.11181640625,916.19921875
2302.48046875,6170.923828125,906.845581054688
4156.9677734375,3498.33520507812,826.310302734375
920.705505371094,183.124588012695,553.714477539062
7136.080078125,3671.47338867188,754.915832519531
4181.4892578125,3482.5341796875,831.01611328125
3812.2373046875,7862.798828125,840.866577148438
4133.734375,3783.318359375,808.224365234375
4120.5498046875,4567.0419921875,850.721069335938
6232.77294921875,3182.7802734375,813.948547363281
4079.9833984375,5577.2802734375,861.112609863281
7384.453125,514.71728515625,221.528198242188
5110.53759765625,7326.01806640625,795.910705566406
4236.58935546875,123.875137329102,258.117279052734
1590.27416992188,7198.734375,888.836120605469
4460.18701171875,1427.87182617188,315.747650146484
194.083908081055,4596.59521484375,683.35205078125
5035.830078125,6194.58984375,804.492370605469
4518.1591796875,4992.80126953125,853.384521484375
5482.8173828125,3182.65063476562,839.401489257812
5801.232421875,3365.08422851562,845.943176269531
7908.6005859375,4215.5986328125,806.332580566406
1579.2744140625,7246.68896484375,884.85693359375
5041.603515625,7445.73876953125,830.38818359375
1163.1533203125,2398.6494140625,657.330810546875
4040.56713867188,5227.02001953125,872.845764160156
7499.2197265625,7155.9775390625,766.703979492188
7868.39453125,756.128540039062,382.529113769531
7435.5625,4344.4775390625,773.025512695312
6014.642578125,3774.88256835938,841.760009765625
4243.89892578125,3476.7607421875,837.389831542969
5877.79833984375,3795.3095703125,845.160827636719
3872.1552734375,7808.48291015625,851.560913085938
6605.1142578125,6150.9775390625,734.99658203125
7499.02587890625,7156.80224609375,766.982788085938
3467.6943359375,7762.42626953125,832.000549316406
3751.60009765625,4904.0478515625,862.705078125
7441.7822265625,1576.0029296875,206.521148681641
4483.1982421875,5703.86474609375,830.523986816406
6637.6513671875,7915.095703125,808.249877929688
1180.93310546875,6330.748046875,885.710083007812
7619.57421875,6817.9765625,786.090209960938
4019.9638671875,4888.2158203125,890.330322265625
1299.58203125,6210.462890625,905.234130859375
4637.92138671875,2626.02880859375,505.061004638672
2958.40185546875,4681.740234375,921.053344726562
793.519165039062,7660.8408203125,920.902893066406
3141.66796875,3673.92138671875,883.220764160156
3127.97802734375,6177.47705078125,893.523620605469
5302.1728515625,6262.08984375,829.889282226562
4150.6240234375,3249.73657226562,823.398376464844
1370.10986328125,5117.57373046875,935.014526367188
2384.1396484375,6392.6298828125,900.532775878906
1382.52136230469,5130.55322265625,934.927612304688
1758.09106445312,1725.57495117188,550.596740722656
7468.9306640625,5867.57080078125,811.756896972656
7008.7919921875,1865.36987304688,381.212799072266
6411.63525390625,6061.30517578125,784.134033203125
4259.826171875,5610.314453125,877.538513183594
4588.9208984375,5704.7763671875,818.428588867188
6034.1728515625,4756.0849609375,820.591125488281
3078.02734375,6137.60205078125,885.509521484375
1415.99084472656,5131.0078125,936.169616699219
3710.39575195312,2476.39892578125,546.985473632812
1794.81274414062,1103.04809570312,393.235443115234
1458.74658203125,5081.9560546875,944.027587890625
465.701232910156,6334.1337890625,882.3349609375
780.305541992188,7622.12255859375,923.29345703125
6480.69091796875,7827.23291015625,811.593994140625
6407.61572265625,6051.47509765625,784.440551757812
5132.64697265625,4545.85888671875,869.381530761719
6400.78564453125,3375.69482421875,789.988586425781
7276.333984375,5249.3291015625,808.255249023438
4010.81884765625,3467.98608398438,807.907348632812
6941.1669921875,5785.67626953125,810.641906738281
4229.59814453125,3197.16088867188,799.591369628906
4736.5673828125,5801.30859375,817.044067382812
7654.11474609375,7182.1357421875,762.351684570312
3523.26293945312,7597.9970703125,842.834777832031
2998.02075195312,786.572631835938,338.549926757812
7256.337890625,2570.21313476562,399.077423095703
2255.95849609375,6356.1142578125,907.491821289062
7749.484375,4269.09375,811.645874023438
7315.916015625,1078.37133789062,188.821212768555
6056.486328125,4754.392578125,818.694030761719
4260.86669921875,3196.1552734375,812.465087890625
7415.3828125,4977.47119140625,801.068176269531
1691.22155761719,1188.54052734375,432.190582275391
3777.38159179688,4344.0791015625,855.415161132812
3724.85815429688,4847.70703125,863.436889648438
328.849670410156,4930.00146484375,876.692565917969
5173.900390625,4620.69677734375,870.122436523438
805.853271484375,7608.470703125,918.704528808594
4013.107421875,5556.1396484375,871.053894042969
4209.47998046875,3307.93701171875,836.400512695312
1153.25793457031,6237.5595703125,890.2197265625
5986.0517578125,44.4133758544922,130.102005004883
4155.162109375,3701.90234375,816.891967773438
2310.92749023438,6110.953125,895.34521484375
6004.67236328125,3812.25512695312,837.95068359375
610.410949707031,7812.59130859375,927.38037109375
5165.9140625,6501.6337890625,792.177001953125
7420.203125,7129.7568359375,749.996826171875
3486.2998046875,1300.39404296875,474.564514160156
3685.36547851562,5089.10009765625,876.947387695312
780.2412109375,7621.50927734375,923.302368164062
3273.841796875,5961.2587890625,893.963623046875
6614.5146484375,1721.54614257812,298.720092773438
2390.37939453125,6375.8056640625,901.307800292969
806.287109375,7657.84619140625,919.157470703125
5590.22607421875,2992.962890625,842.34521484375
7513.513671875,5989.39599609375,805.864807128906
609.483459472656,7403.283203125,945.007507324219
3586.05029296875,1357.4599609375,454.068176269531
633.070068359375,4351.427734375,635.211120605469
7441.5517578125,6046.7607421875,810.436218261719
6343.181640625,4737.20361328125,802.56884765625
6296.33203125,4716.89208984375,802.676147460938
3916.99658203125,7613.42138671875,860.659484863281
7976.10009765625,4251.3994140625,803.963500976562
412.163146972656,4650.1552734375,878.065063476562
6623.767578125,6044.166015625,739.712463378906
1638.69836425781,168.904266357422,376.740875244141
5070.85986328125,7367.02783203125,810.824951171875
668.237548828125,3327.75537109375,896.557739257812
7143.8818359375,1784.25036621094,345.810424804688
1487.32214355469,6220.30517578125,905.935302734375
5101.25927734375,7454.71435546875,818.802978515625
1040.92529296875,285.340454101562,519.680786132812
1045.66784667969,3090.337890625,874.474487304688
764.383422851562,7573.771484375,925.259033203125
5866.95166015625,3583.990234375,857.57958984375
5908.7294921875,71.6315307617188,157.530014038086
6682.01171875,5858.16796875,782.149291992188
1648.13989257812,5235.65234375,927.4052734375
2573.78442382812,6392.27099609375,885.695983886719
1489.64086914062,5080.5673828125,945.138427734375
6571.970703125,3364.1708984375,806.241333007812
4266.65625,4860.0947265625,892.099243164062
4872.4501953125,2628.7119140625,485.862457275391
5852.5263671875,3519.65307617188,852.842895507812
7239.8349609375,3086.29614257812,539.341430664062
3917.01000976562,1625.43664550781,416.253936767578
673.375793457031,7610.248046875,935.731018066406
48.2968597412109,3151.09106445312,568.224548339844
3797.21704101562,7803.35498046875,845.567504882812
6289.9111328125,4620.91796875,811.941162109375
4670.9345703125,2608.0927734375,489.255798339844
2438.205078125,6332.18798828125,900.215515136719
4140.203125,844.025817871094,305.537200927734
1352.755859375,1641.38903808594,496.102661132812
4184.109375,4177.6650390625,835.52685546875
6247.275390625,4686.84521484375,809.172912597656
3739.8359375,7658.61962890625,858.491333007812
2081.38696289062,5190.298828125,909.926635742188
1539.90979003906,7573.583984375,915.783081054688
6362.0625,589.944885253906,232.911102294922
6728.1025390625,7870.9296875,780.083374023438
3744.505859375,4210.02685546875,866.385375976562
3187.3515625,6136.90771484375,896.696044921875
5541.5947265625,3084.83447265625,850.994689941406
1687.06103515625,7029.853515625,903.012451171875
7413.73388671875,6887.78662109375,711.768127441406
5715.46435546875,6113.416015625,851.110168457031
169.14958190918,6276.326171875,892.2998046875
4089.59692382812,3932.16455078125,833.325439453125
1715.81799316406,7565.3369140625,896.39990234375
4533.01171875,1505.28845214844,303.301025390625
1371.21240234375,6301.75146484375,892.909790039062
5723.404296875,3651.85327148438,865.087890625
1571.40002441406,1799.51391601562,603.522521972656
3779.25903320312,4360.16748046875,853.886901855469
256.541961669922,6257.951171875,909.876647949219
1243.18859863281,6254.7705078125,893.990600585938
4227.46142578125,5637.86328125,881.100402832031
6451.5439453125,4695.97021484375,794.584106445312
3954.4140625,1711.06481933594,418.621032714844
3207.16772460938,6137.263671875,899.496154785156
6579.00390625,7821.046875,831.78076171875
1794.28344726562,1215.64135742188,395.143585205078
2950.19067382812,3653.41943359375,881.115905761719
1987.49389648438,5167.76171875,905.0673828125
7370.4541015625,5392.26708984375,813.197570800781
4887.41015625,6215.75537109375,819.966796875
3671.61669921875,4710.54296875,856.212829589844
2221.64404296875,6206.5595703125,915.116333007812
3464.09790039062,1381.51928710938,496.488403320312
5048.517578125,7433.5029296875,826.193481445312
1606.63403320312,225.401596069336,383.233825683594
4055.4326171875,4623.1171875,876.243225097656
1018.99267578125,7706.6806640625,901.115112304688
1298.43334960938,6062.5537109375,925.40283203125
1567.86059570312,7409.5185546875,885.598693847656
6646.95849609375,3412.0458984375,804.244018554688
5683.298828125,920.72216796875,320.195495605469
4088.86010742188,4232.26904296875,848.76806640625
6216.6103515625,4914.13232421875,854.52685546875
6387.8095703125,3731.58569335938,806.902404785156
2403.849609375,6316.1083984375,901.468688964844
5136.7431640625,7464.47119140625,812.825439453125
4552.3466796875,5822.14990234375,830.613220214844
2310.666015625,6324.7275390625,909.527221679688
5150.74267578125,4423.0908203125,861.87841796875
3937.30395507812,4661.021484375,876.982421875
7425.29150390625,7180.7666015625,778.808715820312
3936.025390625,1652.37158203125,415.317687988281
4188.56005859375,3507.03979492188,830.321411132812
3715.8076171875,5046.677734375,869.185974121094
2660.26904296875,7512.734375,838.595642089844
6631.46435546875,6026.130859375,742.339111328125
7429.42431640625,5120.626953125,793.223388671875
4415.86669921875,5709.24267578125,855.409545898438
5498.96875,3462.95434570312,847.275024414062
6047.1328125,4785.6015625,825.788330078125
4574.369140625,5532.640625,838.821594238281
4028.46313476562,4512.31103515625,847.146362304688
4834.49755859375,2655.65625,496.803100585938
5304.1806640625,6178.70751953125,817.094055175781
3951.69995117188,4664.14892578125,880.102172851562
2243.29956054688,6121.54296875,910.575927734375
7277.71875,1547.27746582031,211.661880493164
2919.3193359375,4676.2470703125,916.51220703125
6575.80419921875,1545.41552734375,291.132873535156
3559.1318359375,1222.71936035156,454.785400390625
5692.849609375,3537.98681640625,857.941711425781
5834.5439453125,3715.21240234375,865.724182128906
6569.2060546875,2293.03540039062,356.084564208984
7151.193359375,7038.2578125,693.253051757812
2014.498046875,5135.228515625,906.147216796875
4952.654296875,6132.955078125,818.03271484375
4177.482421875,2916.18286132812,551.203247070312
6380.31787109375,3816.50317382812,792.78466796875
2412.2080078125,3363.44067382812,882.948913574219
4988.5048828125,6027.212890625,799.433471679688
4063.72680664062,1768.47119140625,415.906921386719
1647.0634765625,166.510116577148,372.643341064453
3699.17846679688,4164.04541015625,870.387268066406
925.300659179688,5358.7822265625,954.44873046875
5172.58935546875,5177.4873046875,859.634155273438
6544.5546875,7907.9755859375,830.480834960938
3696.62036132812,7716.97509765625,849.598754882812
2320.087890625,4481.02294921875,881.838806152344
2221.048828125,4573.6875,878.46875
1917.07043457031,1183.19116210938,405.392120361328
4591.64892578125,5017.70166015625,858.77099609375
7023.26025390625,1784.66870117188,373.000610351562
5234.1943359375,6311.85791015625,829.908447265625
7427.97265625,6108.6083984375,811.65869140625
3527.42553710938,1306.34350585938,475.617706298828
7347.99853515625,1185.56213378906,162.94123840332
3527.0625,1302.861328125,475.89306640625
5814.7080078125,3362.21557617188,846.634155273438
6653.3056640625,3367.578125,789.471130371094
3536.98657226562,6535.13623046875,872.075317382812
1228.23962402344,4191.8916015625,897.307495117188
1644.92260742188,2000.64416503906,680.697570800781
734.606628417969,4361.96728515625,654.891052246094
328.898986816406,5155.0205078125,867.596435546875
6558.86767578125,7979.44384765625,828.510864257812
6999.2880859375,6168.31396484375,773.630615234375
1025.82775878906,197.477966308594,539.105712890625
5133.73095703125,7418.6982421875,810.612182617188
1528.48156738281,7124.24951171875,893.448974609375
748.466674804688,7651.201171875,926.386474609375
7233.18115234375,2360.9033203125,445.652313232422
592.398803710938,4118.458984375,651.466247558594
4610.52001953125,5534.1416015625,847.506469726562
1187.69262695312,6363.39892578125,886.981994628906
2234.09057617188,6294.48291015625,912.701965332031
1186.60803222656,6361.3759765625,886.8544921875
7001.0986328125,5016.197265625,820.115966796875
6106.25341796875,3162.8642578125,832.038513183594
596.072875976562,3489.63549804688,907.346984863281
6703.12451171875,1411.93041992188,249.616516113281
4488.6435546875,5814.435546875,850.894653320312
73.8990020751953,1594.99572753906,898.197570800781
7209.52099609375,6155.37451171875,816.245239257812
3346.689453125,1245.99267578125,508.250610351562
6586.1806640625,6100.55224609375,727.170471191406
4196.76123046875,3312.86401367188,835.903198242188
3245.0966796875,7780.32373046875,871.507202148438
6030.98828125,4402.50341796875,827.9580078125
3890.55419921875,7975.44677734375,826.358032226562
1510.24462890625,5122.83984375,940.41650390625
1055.25659179688,3067.07080078125,868.140747070312
5688.2333984375,947.64599609375,335.624908447266
6564.9384765625,3308.63208007812,802.127502441406
2270.75341796875,4370.0068359375,878.194091796875
7550.310546875,5159.3935546875,788.125244140625
678.506652832031,7342.68896484375,942.639770507812
2348.19604492188,6345.5107421875,906.552734375
2242.30981445312,6193.7529296875,914.056884765625
7497.96875,6991.1357421875,740.579895019531
3453.8291015625,7534.587890625,845.993835449219
3850.43701171875,4829.09375,875.484497070312
1099.21728515625,165.0283203125,522.159729003906
2406.7509765625,3252.99877929688,875.79833984375
6262.98828125,3164.958984375,796.47265625
7063.740234375,1861.70397949219,386.420104980469
3170.00537109375,6367.673828125,892.130249023438
4132.85009765625,5381.27978515625,870.898376464844
7730.234375,6051.22509765625,804.60400390625
1618.55078125,193.864654541016,387.449462890625
4195.3701171875,3211.05908203125,781.416748046875
43.5659828186035,3169.486328125,569.170654296875
6169.46484375,3126.42749023438,823.238464355469
4466.54296875,814.226013183594,196.688522338867
5274.29443359375,6607.03125,828.319091796875
1112.77258300781,251.811218261719,510.852813720703
4710.98291015625,5876.4912109375,807.235778808594
5272.587890625,4435.5830078125,867.129333496094
5125.73046875,809.719116210938,335.529724121094
7595.57177734375,7133.22216796875,790.703308105469
5517.74072265625,3362.34716796875,831.775390625
4622.31787109375,2655.85107421875,521.014953613281
4961.8896484375,814.283264160156,311.440277099609
6519.3701171875,4721.2060546875,804.911010742188
1499.63549804688,6266.22509765625,902.682495117188
6817.142578125,4966.41552734375,835.817749023438
3101.72900390625,3715.98828125,883.645202636719
5276.0185546875,6607.96728515625,828.542541503906
4087.11547851562,3778.1435546875,805.1083984375
2350.50927734375,6304.3408203125,905.695190429688
6657.32177734375,6075.5498046875,756.522399902344
1359.58935546875,6230.2880859375,902.198608398438
6308.76806640625,3750.93359375,801.936462402344
4174.1533203125,34.9845428466797,272.098449707031
435.318908691406,6226.5703125,900.837707519531
1694.89233398438,1897.66357421875,627.53173828125
4004.9873046875,7863.3759765625,840.221923828125
5529.255859375,3268.58935546875,834.7646484375
5955.423828125,65.9389190673828,133.25146484375
4444.017578125,148.531143188477,177.302215576172
6091.62451171875,560.534912109375,238.379913330078
4977.7060546875,6040.16259765625,797.555114746094
4166.70361328125,5378.2451171875,862.204162597656
7298.232421875,3129.3681640625,511.05078125
3848.97973632812,7629.998046875,866.079467773438
1408.52502441406,3425.60327148438,889.737854003906
4521.27978515625,7169.16552734375,849.5712890625
4137.69482421875,4954.57763671875,868.00732421875
1075.07800292969,313.989959716797,518.809387207031
2274.7734375,6221.7509765625,911.393432617188
6050.6767578125,587.260131835938,230.085556030273
3394.30395507812,6185.3330078125,890.207702636719
6343.578125,5953.30322265625,781.752807617188
7176.58203125,6813.3037109375,754.585571289062
3896.87768554688,4673.6162109375,871.708251953125
2121.64868164062,6354.798828125,901.010314941406
3866.0478515625,7900.73193359375,837.883544921875
5746.9716796875,7440.865234375,827.075561523438
114.182411193848,3174.49536132812,586.278686523438
2662.9443359375,7348.63671875,845.120300292969
6480.2705078125,3317.1767578125,792.355590820312
4131.802734375,981.182373046875,318.325073242188
2262.45874023438,6289.716796875,912.000122070312
2239.72143554688,6233.0888671875,913.823974609375
7357.91455078125,1622.4716796875,230.619110107422
6269.1611328125,381.878967285156,181.5556640625
3628.1484375,4944.7783203125,883.27490234375
3928.634765625,3523.13793945312,775.102294921875
4088.72509765625,3443.45849609375,816.28173828125
3936.29345703125,7758.8662109375,854.817993164062
4044.06274414062,3193.95922851562,813.5146484375
3412.04321289062,7741.2548828125,847.299194335938
5710.81005859375,3540.22680664062,855.840026855469
6323.69970703125,3808.79638671875,791.115783691406
200.348724365234,2073.77783203125,848.739624023438
1687.56713867188,7201.4130859375,890.229675292969
3824.0224609375,1594.33435058594,441.438110351562
2992.95971679688,3756.1669921875,882.536376953125
6986.97607421875,5692.58203125,807.940063476562
6082.01806640625,3193.73828125,834.929138183594
1176.1435546875,6344.65478515625,885.975952148438
5488.6181640625,7043.052734375,799.492431640625
2493.11181640625,4391.44677734375,907.506469726562
4450.931640625,1552.85559082031,323.386047363281
3795.91015625,1623.55078125,446.85107421875
150.300094604492,6274.69189453125,894.640625
6343.97216796875,3817.05395507812,789.809875488281
4489.3642578125,5690.51123046875,827.785278320312
6355.51904296875,7892.9345703125,801.239318847656
819.974243164062,7741.4560546875,920.106079101562
27.8849487304688,3220.46337890625,573.208374023438
765.98095703125,7763.07958984375,922.54296875
3176.93041992188,6090.9052734375,894.303588867188
1202.87341308594,6230.193359375,896.000122070312
2454.46801757812,6213.21484375,882.887817382812
4932.8505859375,6184.791015625,824.387512207031
112.808113098145,2186.05029296875,697.379699707031
7507.45556640625,6002.63134765625,806.407104492188
3656.19775390625,7857.48779296875,831.894348144531
4310.61083984375,211.512451171875,256.582336425781
634.12744140625,4350.60546875,634.471130371094
6640.3662109375,6112.2158203125,751.102416992188
936.914672851562,7651.4375,903.2158203125
6259.81787109375,7836.46484375,815.196533203125
817.460266113281,7685.5703125,918.9130859375
3638.78125,4963.8388671875,880.947631835938
3089.623046875,3732.787109375,885.105895996094
7460.2177734375,1589.69506835938,207.257019042969
3573.279296875,1275.81872558594,462.293212890625
927.105102539062,5338.37109375,953.448547363281
3506.75537109375,1380.89904785156,473.823089599609
4953.50439453125,6068.7021484375,796.878601074219
3893.74389648438,6825.39697265625,856.370544433594
6554.5517578125,623.765380859375,174.165252685547
1646.82983398438,114.74486541748,387.017517089844
5260.537109375,4526.9580078125,867.715576171875
4290.697265625,5.42765426635742,245.506011962891
3335.001953125,7781.5693359375,863.242858886719
3856.31982421875,4767.0146484375,874.161499023438
5173.63916015625,7481.1220703125,804.548156738281
7493.55322265625,5236.24609375,804.1162109375
1145.20288085938,4033.95849609375,886.537475585938
4192.65869140625,3269.25048828125,817.26220703125
3496.2451171875,1432.38098144531,486.766967773438
193.844635009766,6207.89599609375,912.849914550781
1730.14404296875,1095.59582519531,399.170562744141
4605.45361328125,1572.70788574219,285.087768554688
345.825164794922,4576.8623046875,709.146423339844
5235.87109375,6510.13623046875,805.843444824219
3079.74780273438,7824.7275390625,877.361450195312
7230.36376953125,2503.95166015625,421.981201171875
6407.49560546875,4750.4970703125,806.40380859375
3208.51904296875,6055.3681640625,895.050048828125
5125.61328125,7356.8369140625,800.682250976562
289.753814697266,6250.04052734375,911.7578125
4060.59350585938,4682.25830078125,879.924560546875
1648.79223632812,7642.6845703125,911.188293457031
4271.0849609375,71.4330139160156,254.454483032227
1806.82727050781,1653.12072753906,534.064147949219
7667.7255859375,6172.45458984375,801.407592773438
7212.8662109375,2129.84033203125,426.475280761719
4621.8701171875,5759.5146484375,814.341369628906
4065.85717773438,3669.82348632812,815.477783203125
3999.6083984375,5520.04052734375,874.28564453125
6224.4716796875,7817.09326171875,822.125732421875
4356.048828125,5642.90625,854.852416992188
6534.23974609375,3183.21337890625,768.780944824219
4068.322265625,4614.90234375,871.223266601562
6591.60400390625,3393.81909179688,809.3642578125
1674.95776367188,7558.38037109375,903.150024414062
6748.255859375,7918.9619140625,761.771728515625
5374.1748046875,6210.39453125,832.4013671875
5125.6572265625,4477.56884765625,864.652221679688
6928.44140625,6772.259765625,705.000122070312
4301.78271484375,3470.4189453125,844.176147460938
